row,id,version,email,name,surname,birthDate,country
1,78168911-3A90-4056-418A-CE945BC36A3E,0,sed.nulla.ante@protonmail.org,Gil,Hughes,1981-02-15,Vietnam
2,734211B9-8CF8-595E-CB88-DA09637689E1,0,senectus.et@aol.couk,Xantha,Bates,1995-06-06,Sweden
3,CD8F6C4B-9FC4-8922-E392-7EEED4B222A3,0,et@google.edu,Fiona,Mcneil,1981-01-16,India
4,F364D602-E9CF-D418-E499-72CEF365ED92,0,nulla.facilisi@hotmail.ca,Richard,Conner,1991-12-11,France
5,D3554919-436E-786F-7A2D-A68023874CC5,0,maecenas@icloud.ca,Zachary,Flores,1999-04-01,Russian Federation
6,BD55A183-2B25-017A-DE89-BD98DFD3874A,0,phasellus.ornare@google.com,Laith,Brown,2000-07-15,Ireland
7,8164988C-CE38-87BB-8DA8-27DFE56710C2,0,tempor.lorem@yahoo.ca,Kelly,Hickman,2021-02-22,Singapore
8,7B2A3411-0271-1032-8252-C964A3419AE1,0,morbi@icloud.net,Cherokee,Faulkner,1981-03-17,Nigeria
9,16868623-4C7E-2218-52B4-DDEE8E5914C4,0,netus.et@outlook.net,Bradley,Hudson,1999-08-09,South Korea
10,E959C362-7BEE-5289-B4B4-CE818A932E56,0,malesuada.augue@icloud.org,Basil,Erickson,1981-12-24,France
11,356DA1E7-404A-F188-723D-46DDB6976DC6,0,in.nec@google.ca,Candice,Bridges,1995-04-13,United Kingdom
12,589064AA-7810-A685-566D-F99B169AD92D,0,erat.vitae@hotmail.net,Baker,Dixon,1998-08-29,Vietnam
13,25B9C4B0-82D9-A63C-6DDC-5B62C33A6BBC,0,auctor.vitae@aol.couk,Cedric,Mcintyre,2004-03-11,Mexico
14,A9943227-E4F9-DBDF-84A5-A1B902CFB6EA,0,pellentesque.habitant.morbi@google.net,Cade,Chandler,2002-09-21,Italy
15,CEFAA4AD-D3E3-3AA8-DAE8-1FCEFDB20B83,0,sit.amet@hotmail.edu,Dana,Nichols,1985-10-11,United Kingdom
16,DD92A335-0EAD-218D-CD2B-19634A8783F9,0,eu@aol.net,Hollee,Curtis,2012-06-15,Turkey
17,1B441BDB-B59F-5A68-3256-D8EAA8610694,0,vel.arcu@aol.couk,Harrison,Walls,1980-06-07,United Kingdom
18,C404A14B-1141-2356-19CA-C00E7BCB7546,0,egestas.a.dui@aol.org,Linus,Slater,2006-04-01,United Kingdom
19,7885C779-1B32-94C5-6874-9C59AAC6B71B,0,ac@outlook.net,Gillian,Cole,2016-02-19,Austria
20,1C4D4E6A-72D8-1DAF-DFEE-D723D1A453BD,0,elit.pede@protonmail.couk,Lani,Preston,2001-05-04,Ukraine
21,5D2C3511-8724-66D3-C071-389E661F5975,0,vel.sapien@icloud.couk,Ulla,Lopez,2018-04-30,Ukraine
22,C9515292-176E-4A01-D2D6-A5DC34B40A6C,0,iaculis.aliquet.diam@icloud.net,Kennan,Clayton,2006-04-13,Australia
23,69279855-DD1E-D4E2-E18C-45A82543E8C5,0,a.odio.semper@google.couk,Veda,Delgado,2002-10-11,France
24,106D796C-4611-DBA7-4DE2-F19C38C74D06,0,orci@hotmail.org,Aquila,May,1984-05-06,South Korea
25,A4CDEBEB-A03E-E743-656E-68F595533876,0,lorem@icloud.net,McKenzie,Weber,2004-01-08,United States
26,94D716D5-504D-3A3F-A91E-7FD4D4D6C122,0,pellentesque.a@icloud.couk,Rooney,Gay,2009-08-15,New Zealand
27,3FD241EF-AFC7-650D-93B8-236CEC22ECED,0,mauris.rhoncus@yahoo.net,Astra,Bryan,2007-11-25,Philippines
28,05E6DE74-2DC6-A2A9-AF6D-BC5775D561E6,0,lacinia.at@protonmail.net,Gray,Spears,2018-08-26,Turkey
29,E19C7BED-CFCE-3E11-6946-A7CFBED37BD8,0,ultrices@google.com,Oprah,Nicholson,2010-11-26,Colombia
30,0FED693E-62E4-2064-ACAA-9FD6DC9B542F,0,nunc.ac.mattis@icloud.net,Grant,Head,1991-06-09,United Kingdom
31,51B811B3-3BA9-6AC9-A35B-0933B5C7BBAE,0,massa.suspendisse@yahoo.org,Jorden,Dale,1986-11-21,Singapore
32,ACAAA2E2-F3EE-B691-AD0D-CCDD66385884,0,egestas.aliquam.fringilla@google.net,Ali,Skinner,2021-12-13,Ireland
33,DE6D58A2-A3CA-30B9-91E4-3A5A667EAE1D,0,est@aol.org,Russell,Chase,1990-07-03,United States
34,351D30C3-5324-089A-9028-708B12E67A85,0,orci.adipiscing@icloud.couk,Gwendolyn,Todd,1980-12-28,Singapore
35,885E765E-71F6-A858-A349-47B52D106E82,0,condimentum.donec@hotmail.net,Vernon,Terry,2009-06-22,India
36,90A1E4B3-D0BA-3C65-CBFE-F46F5265B321,0,congue.in@icloud.org,Hamish,Richard,2020-11-09,Peru
37,C4FCE046-2634-F564-8ECC-88B71C82BF3E,0,nulla.aliquet@hotmail.ca,Zephr,Payne,2022-05-21,France
38,C65665D6-9D69-447E-AB5C-36ADC23325F5,0,adipiscing@outlook.ca,Autumn,Holman,1991-10-07,Ukraine
39,4D7794D4-3289-FC2D-174B-DBD41D2529DA,0,imperdiet.dictum@yahoo.org,Rajah,Gillespie,2011-09-07,South Africa
40,16189F43-D5DE-D9CA-2A43-CCC7BD6C256C,0,donec.est.nunc@hotmail.org,Kylie,Atkinson,2016-12-23,Brazil
41,2A17E89F-3401-3D21-53CB-97EE3BE38E37,0,magna.phasellus@protonmail.ca,Warren,Blake,2004-03-24,Ukraine
42,D222EA8E-11DB-5911-433B-843E53363EAC,0,enim.gravida@aol.couk,Channing,George,2009-09-04,Russian Federation
43,50DCE20C-1743-1D30-4092-1F0B39B35C31,0,euismod.enim@aol.org,Irene,Spears,2014-05-06,Ukraine
44,4B81F3C7-A33A-4640-67AD-764ED56B8BB8,0,ac.metus.vitae@google.edu,Tasha,Callahan,2002-02-09,Ireland
45,C1C228F0-A1AE-7B4C-297C-2CA4D64D5E22,0,donec.vitae@icloud.edu,Ross,Marshall,2010-08-17,Italy
46,76148655-1D13-9867-3C63-7374C959DD38,0,facilisis@icloud.edu,Clementine,Garcia,1988-01-26,South Korea
47,0E8D98C1-8163-4E87-4D99-9ED9632CF578,0,et.magnis@protonmail.net,Tucker,Kaufman,2016-10-15,Spain
48,D9135E66-AD22-9C23-CABF-2C9BAE43BA3D,0,ut@protonmail.ca,Brielle,Knight,2012-02-25,Spain
49,9606D3F9-66B5-4C8B-70E8-E5EB42D67236,0,vel.pede@protonmail.org,Ina,Melton,1989-05-26,Italy
50,FD577E44-5E53-EAF0-CD0A-1570ECBD26B6,0,vivamus.nibh@yahoo.couk,Hamilton,Davidson,1986-04-03,United Kingdom
51,F0E4F23F-3478-A5DD-41E3-AC5E3329E1DB,0,accumsan.neque@protonmail.couk,Darius,Odom,1996-02-21,Costa Rica
52,ED5E5171-367C-85CA-D414-C14AA7FF1E5C,0,lacus@outlook.com,Paul,Jones,1988-11-05,United Kingdom
53,7C939A56-118E-8286-E1B2-BB92BB347544,0,ac.nulla@google.ca,Kellie,Montgomery,2012-05-15,China
54,5B15965D-383A-E4CF-200E-751EB82D1D43,0,convallis.dolor@icloud.ca,Halee,Harvey,2011-04-19,Pakistan
55,1B8CCD9B-EB3E-9BD4-6579-66BF0463E54B,0,nascetur.ridiculus.mus@protonmail.couk,Lucian,Mcintosh,2015-05-27,Spain
56,B773DBA7-02D1-E8D7-0271-5CDEE56598FD,0,ac.urna@protonmail.net,Evelyn,Frazier,2001-10-09,Peru
57,1CF3D76A-C8A8-B77D-B67C-9348F7563ECB,0,elementum@outlook.ca,Lillian,Bush,1984-02-17,South Korea
58,C4CC9B31-C2F3-5BA8-5A60-8E35B36D76A1,0,hendrerit.a@aol.couk,Dorian,Nixon,2018-04-10,Costa Rica
59,2CBA6753-8A19-CE15-5115-75A1F819191C,0,est.congue@yahoo.edu,Flavia,Best,1999-10-05,India
60,6273B318-A09D-17DA-D2D0-B9DFD32B0A50,0,ligula.consectetuer@hotmail.couk,Karly,Lane,1985-09-20,Ukraine
61,3424C3B0-EC1A-63C8-2FB3-B4FCC2D39D4D,0,nec@hotmail.ca,Colt,Rivera,2019-04-03,Belgium
62,47BB7E4A-95F5-8DDD-2B01-87D3D7C99461,0,pellentesque@protonmail.edu,Hoyt,Tanner,1983-08-15,South Korea
63,387DE063-1676-9A02-988D-C7BB1E363182,0,eget@icloud.com,Maite,Whitaker,2019-08-18,India
64,49BDF513-7949-5421-C391-1CB4AA577989,0,phasellus@icloud.edu,Eugenia,Campos,2006-02-03,Vietnam
65,9C0412C2-41AA-C4A6-398A-761C798B30CD,0,penatibus@icloud.couk,Paki,Galloway,1997-09-14,Ireland
66,D55632C8-6EE3-F2B2-B37A-D4671681814A,0,mauris.non.dui@protonmail.com,Cassady,Dotson,2012-01-24,Brazil
67,3E6B4ECB-BDD7-1321-EC67-9653A369DF9D,0,euismod.in@aol.couk,Kellie,Duncan,2018-10-26,Spain
68,166BC66E-C694-4849-1733-385F0EA97B5C,0,vivamus.nisi@yahoo.com,Melanie,Nicholson,1998-09-22,India
69,5BB41CCD-DC9D-2B03-9F45-EF340D8F6D95,0,at.nisi@outlook.org,Amos,Bell,1984-05-10,Austria
70,B343F556-8AEA-A1F5-88C3-55848BBF8F59,0,sed.libero@outlook.couk,Barbara,Marshall,1986-09-07,France
71,5892C31A-18D9-9814-783C-8C18B25599B1,0,leo.vivamus@google.com,Victoria,Cole,1981-08-28,Austria
72,443B6FD3-103E-E3D3-827F-9C3CD04DEFD0,0,pede@protonmail.org,Brooke,Chan,1994-04-12,France
73,E82C23D7-74AE-9C93-6B3B-580A36DCC5D4,0,commodo.at@outlook.net,Orlando,Newman,2016-09-10,South Africa
74,ED5694AD-A8F7-571E-8097-4866F70BC7DD,0,tincidunt.vehicula.risus@google.net,Natalie,Hickman,2005-07-12,Brazil
75,7994BDDD-C7C8-810B-98F4-A83883578093,0,aliquam@yahoo.edu,Caesar,Ortega,2020-12-23,Brazil
76,B7AE7399-9F37-E353-1687-7D3ADBEC3DBF,0,eu.neque.pellentesque@google.ca,Charles,Bennett,2015-05-01,Nigeria
77,98973FA7-597F-D8B5-8B35-E7BE979A16BA,0,congue.elit@outlook.edu,Kaitlin,Pierce,1991-10-14,India
78,040A469C-2CA5-5214-B5D2-963D5B3D5384,0,malesuada.fames@google.ca,Hayley,Steele,2014-10-21,Australia
79,3D3B985C-2CA2-587D-B42E-23127B85DA39,0,natoque.penatibus@outlook.org,Grant,Howe,1980-09-06,South Korea
80,C8A09162-1EEC-9B5E-F2D1-1EA6C3F1C4BB,0,eu.dolor@protonmail.org,Charde,Nichols,2019-04-30,South Korea
81,A8D75842-88EA-875E-4DAB-9CA6B7569E78,0,mauris.vel@yahoo.net,Raphael,Owen,1985-01-25,Australia
82,18EFEBF5-1DB0-E127-4475-C4838D4AFB8F,0,purus.duis@icloud.couk,Brandon,Harris,2012-12-09,Germany
83,3CAD81F9-CDB1-D395-A396-F56C6B6152E7,0,volutpat.nulla.facilisis@hotmail.ca,Cruz,Rush,2019-02-07,Poland
84,3EB95576-7369-2DB3-DAC5-19190357D421,0,non.arcu@icloud.couk,Rhonda,Garrison,1984-12-17,Canada
85,F197C61E-3B3C-032E-B1C2-110BDDE9564A,0,elit@aol.com,Channing,Holloway,2006-06-19,Sweden
86,DB7C16DF-49E7-A5B9-78EC-DEFC0B966493,0,id.ante.dictum@protonmail.net,Stella,Nash,1995-05-08,Spain
87,0F3729C6-A991-2D08-7E4A-7E2BC6F34DAB,0,quisque.nonummy@outlook.com,Jolie,Potter,1989-10-18,Poland
88,32534991-BC34-CEAC-16BE-8C6BBBC232D9,0,turpis@outlook.net,John,Gamble,2003-08-13,Chile
89,3CD2D37E-6A71-7166-BC7B-7881CBE4769D,0,ullamcorper.duis@icloud.ca,Dexter,Hewitt,2005-01-19,Ireland
90,6531BA51-C37E-53E9-CDA1-4FD67986196C,0,tincidunt.nibh@hotmail.com,Unity,Erickson,2022-08-31,Germany
91,6736CA3D-A378-0150-85B1-3A47EBD6AEF0,0,a.scelerisque.sed@yahoo.couk,Barrett,Dillard,1989-07-15,Russian Federation
92,9CF96567-621D-746F-97D9-5198FE962EDC,0,non.lorem@aol.org,Herman,Cohen,1988-10-07,South Africa
93,149DA3A2-B5A6-AB64-E9B6-D4B67FE47EA3,0,nec@hotmail.com,Abbot,Rocha,2000-12-18,Turkey
94,6D95C3B5-295F-52D3-7416-F383A9F7617C,0,lacus.cras@yahoo.net,Quentin,Scott,2019-08-09,Ukraine
95,5AD8967E-C135-11A9-D2FC-93E451E17BEE,0,magna.phasellus@outlook.edu,Tanek,Hayden,1991-10-10,Germany
96,C23313C1-690A-E339-7A84-E8951C4ABD16,0,nibh.quisque.nonummy@hotmail.net,Ciaran,Jordan,2010-11-05,United Kingdom
97,3A3FC6A0-ACE5-1AE2-9EEB-9ABE79A9CF44,0,risus.a@google.edu,Dana,Mercado,2011-05-26,Peru
98,8362B66D-5743-94E3-549A-F9137B716BE9,0,amet.nulla.donec@yahoo.couk,Honorato,William,1992-09-10,Sweden
99,3777AA8F-D79C-5317-28DC-3EEACE7791B2,0,dolor.fusce@yahoo.edu,Faith,Ward,1985-11-26,Vietnam
100,70B80A6D-4E7A-23E0-575D-E7E91C1C0EFE,0,et.arcu@yahoo.org,Quon,Merritt,2023-01-11,Turkey
